release_year,region,count,total,prop
1976,Africa,65,4525,0.014364640883977901
1976,Caribbean,13,4525,0.00287292817679558
1976,Central America,5,4525,0.0011049723756906078
1976,Eastern Asia,653,4525,0.14430939226519338
1976,Europe,1713,4525,0.3785635359116022
1976,Middle East,11,4525,0.002430939226519337
1976,North America,859,4525,0.1898342541436464
1976,Oceania,42,4525,0.009281767955801105
1976,Russia,269,4525,0.0594475138121547
1976,South America,167,4525,0.0369060773480663
1976,Southeast Asia,47,4525,0.010386740331491713
1976,Southern Asia,193,4525,0.04265193370165746
1976,UK,265,4525,0.05856353591160221
1976,Western Asia,223,4525,0.0492817679558011
1977,Africa,73,4464,0.01635304659498208
1977,Caribbean,12,4464,0.002688172043010753
1977,Central America,4,4464,0.0008960573476702509
1977,Eastern Asia,665,4464,0.1489695340501792
1977,Europe,1538,4464,0.34453405017921146
1977,Middle East,4,4464,0.0008960573476702509
1977,North America,1002,4464,0.22446236559139784
1977,Oceania,56,4464,0.012544802867383513
1977,Russia,323,4464,0.07235663082437276
1977,South America,135,4464,0.03024193548387097
1977,Southeast Asia,60,4464,0.013440860215053764
1977,Southern Asia,201,4464,0.04502688172043011
1977,UK,211,4464,0.04726702508960574
1977,Western Asia,180,4464,0.04032258064516129
1978,Africa,76,4739,0.016037138636843216
1978,Caribbean,7,4739,0.0014771048744460858
1978,Central America,2,4739,0.00042202996412745304
1978,Eastern Asia,749,4739,0.15805022156573117
1978,Europe,1600,4739,0.3376239713019624
1978,Middle East,2,4739,0.00042202996412745304
1978,North America,1142,4739,0.2409791095167757
1978,Oceania,60,4739,0.01266089892382359
1978,Russia,299,4739,0.06309347963705424
1978,South America,161,4739,0.033973412112259974
1978,Southeast Asia,58,4739,0.012238868959696138
1978,Southern Asia,224,4739,0.047267355982274745
1978,UK,252,4739,0.053175775480059084
1978,Western Asia,107,4739,0.02257860308081874
1979,Africa,82,4980,0.01646586345381526
1979,Caribbean,12,4980,0.0024096385542168677
1979,Central America,4,4980,0.0008032128514056225
1979,Eastern Asia,848,4980,0.17028112449799196
1979,Europe,1589,4980,0.31907630522088354
1979,Middle East,11,4980,0.0022088353413654616
1979,North America,1150,4980,0.23092369477911648
1979,Oceania,50,4980,0.010040160642570281
1979,Russia,354,4980,0.07108433734939759
1979,South America,186,4980,0.03734939759036145
1979,Southeast Asia,69,4980,0.013855421686746987
1979,Southern Asia,206,4980,0.04136546184738956
1979,UK,282,4980,0.056626506024096385
1979,Western Asia,137,4980,0.02751004016064257
1980,Africa,70,4849,0.014435966178593525
1980,Central America,7,4849,0.0014435966178593523
1980,Eastern Asia,795,4849,0.1639513301711693
1980,Europe,1648,4849,0.3398638894617447
1980,Middle East,6,4849,0.0012373685295937306
1980,North America,1218,4849,0.25118581150752733
1980,Oceania,30,4849,0.006186842647968653
1980,Russia,337,4849,0.06949886574551455
1980,South America,154,4849,0.03175912559290575
1980,Southeast Asia,51,4849,0.010517632501546711
1980,Southern Asia,246,4849,0.05073210971334296
1980,UK,216,4849,0.0445452670653743
1980,Western Asia,71,4849,0.014642194266859147
1981,Africa,71,4874,0.014567090685268774
1981,Caribbean,4,4874,0.0008206811653672548
1981,Central America,2,4874,0.0004103405826836274
1981,Eastern Asia,896,4874,0.18383258104226508
1981,Europe,1615,4874,0.3313500205170291
1981,Middle East,2,4874,0.0004103405826836274
1981,North America,1124,4874,0.2306114074681986
1981,Oceania,59,4874,0.01210504718916701
1981,Russia,376,4874,0.07714402954452196
1981,South America,131,4874,0.026877308165777596
1981,Southeast Asia,85,4874,0.017439474764054164
1981,Southern Asia,237,4874,0.048625359048009846
1981,UK,220,4874,0.04513746409519902
1981,Western Asia,52,4874,0.010668855149774312
1982,Africa,64,4967,0.012885041272397826
1982,Caribbean,11,4967,0.002214616468693376
1982,Central America,4,4967,0.0008053150795248641
1982,Eastern Asia,992,4967,0.1997181397221663
1982,Europe,1592,4967,0.3205154016508959
1982,Middle East,6,4967,0.0012079726192872962
1982,North America,1026,4967,0.20656331789812765
1982,Oceania,88,4967,0.01771693174954701
1982,Russia,306,4967,0.0616066035836521
1982,South America,142,4967,0.028588685323132676
1982,Southeast Asia,83,4967,0.01671028790014093
1982,Southern Asia,279,4967,0.05617072679685927
1982,UK,287,4967,0.057781356955909
1982,Western Asia,87,4967,0.017515602979665795
1983,Africa,71,4993,0.014219907871019427
1983,Caribbean,17,4993,0.00340476667334268
1983,Central America,2,4993,0.0004005607850991388
1983,Eastern Asia,907,4993,0.18165431604245943
1983,Europe,1610,4993,0.32245143200480675
1983,Middle East,6,4993,0.0012016823552974164
1983,North America,1073,4993,0.21490086120568797
1983,Oceania,82,4993,0.016422992189064692
1983,Russia,347,4993,0.06949729621470058
1983,South America,133,4993,0.02663729220909273
1983,Southeast Asia,98,4993,0.019627478469857802
1983,Southern Asia,246,4993,0.04926897656719407
1983,UK,312,4993,0.06248748247546565
1983,Western Asia,89,4993,0.017824954936911677
1984,Africa,57,5142,0.011085180863477246
1984,Caribbean,14,5142,0.0027226760015558148
1984,Central America,2,5142,0.00038895371450797355
1984,Eastern Asia,899,5142,0.1748346946713341
1984,Europe,1528,5142,0.2971606378840918
1984,Middle East,8,5142,0.0015558148580318942
1984,North America,1250,5142,0.24309607156748347
1984,Oceania,68,5142,0.013224426293271101
1984,Russia,325,5142,0.0632049786075457
1984,South America,157,5142,0.030532866588875923
1984,Southeast Asia,82,5142,0.015947102294826914
1984,Southern Asia,323,5142,0.06281602489303773
1984,UK,314,5142,0.061065733177751845
1984,Western Asia,115,5142,0.022364838584208478
1985,Africa,93,5106,0.018213866039952998
1985,Caribbean,12,5106,0.0023501762632197414
1985,Eastern Asia,933,5106,0.1827262044653349
1985,Europe,1461,5106,0.28613396004700353
1985,Middle East,9,5106,0.0017626321974148062
1985,North America,1343,5106,0.26302389345867605
1985,Oceania,89,5106,0.01743047395221308
1985,Russia,290,5106,0.05679592636114375
1985,South America,101,5106,0.019780650215432825
1985,Southeast Asia,71,5106,0.013905209557383471
1985,Southern Asia,310,5106,0.060712886799843324
1985,UK,287,5106,0.05620838229533882
1985,Western Asia,107,5106,0.020955738347042695
1986,Africa,100,5500,0.01818181818181818
1986,Caribbean,14,5500,0.0025454545454545456
1986,Central America,6,5500,0.001090909090909091
1986,Eastern Asia,1056,5500,0.192
1986,Europe,1469,5500,0.2670909090909091
1986,Middle East,1,5500,0.0001818181818181818
1986,North America,1455,5500,0.26454545454545453
1986,Oceania,111,5500,0.020181818181818183
1986,Russia,360,5500,0.06545454545454546
1986,South America,164,5500,0.029818181818181817
1986,Southeast Asia,90,5500,0.016363636363636365
1986,Southern Asia,295,5500,0.053636363636363635
1986,UK,225,5500,0.04090909090909091
1986,Western Asia,154,5500,0.028
1987,Africa,87,5870,0.014821124361158433
1987,Caribbean,15,5870,0.002555366269165247
1987,Central America,5,5870,0.0008517887563884157
1987,Eastern Asia,1039,5870,0.17700170357751277
1987,Europe,1513,5870,0.2577512776831346
1987,Middle East,10,5870,0.0017035775127768314
1987,North America,1798,5870,0.3063032367972743
1987,Oceania,92,5870,0.015672913117546847
1987,Russia,331,5870,0.05638841567291312
1987,South America,156,5870,0.026575809199318567
1987,Southeast Asia,101,5870,0.017206132879045998
1987,Southern Asia,261,5870,0.0444633730834753
1987,UK,321,5870,0.054684838160136286
1987,Western Asia,141,5870,0.024020442930153322
1988,Africa,116,6054,0.0191608853650479
1988,Caribbean,12,6054,0.0019821605550049554
1988,Central America,3,6054,0.0004955401387512388
1988,Eastern Asia,1146,6054,0.18929633300297324
1988,Europe,1513,6054,0.24991740997687478
1988,Middle East,5,6054,0.0008259002312520648
1988,North America,1851,6054,0.30574826560951435
1988,Oceania,158,6054,0.026098447307565244
1988,Russia,297,6054,0.04905847373637265
1988,South America,117,6054,0.019326065411298315
1988,Southeast Asia,93,6054,0.015361744301288404
1988,Southern Asia,337,6054,0.055665675586389164
1988,UK,310,6054,0.05120581433762801
1988,Western Asia,96,6054,0.015857284440039643
1989,Africa,141,6126,0.023016650342801176
1989,Caribbean,15,6126,0.002448579823702253
1989,Eastern Asia,1081,6126,0.17646098596147566
1989,Europe,1676,6126,0.27358798563499837
1989,Middle East,6,6126,0.0009794319294809011
1989,North America,1859,6126,0.30346065948416584
1989,Oceania,68,6126,0.01110022853411688
1989,Russia,350,6126,0.05713352921971923
1989,South America,85,6126,0.0138752856676461
1989,Southeast Asia,108,6126,0.01762977473065622
1989,Southern Asia,359,6126,0.05860267711394058
1989,UK,299,6126,0.04880835781913157
1989,Western Asia,79,6126,0.012895853738165198
1990,Africa,106,6096,0.017388451443569555
1990,Caribbean,12,6096,0.001968503937007874
1990,Central America,2,6096,0.00032808398950131233
1990,Eastern Asia,1242,6096,0.20374015748031496
1990,Europe,1463,6096,0.23999343832020997
1990,Middle East,6,6096,0.000984251968503937
1990,North America,1887,6096,0.3095472440944882
1990,Oceania,75,6096,0.012303149606299213
1990,Russia,379,6096,0.062171916010498686
1990,South America,108,6096,0.017716535433070866
1990,Southeast Asia,117,6096,0.019192913385826772
1990,Southern Asia,317,6096,0.052001312335958005
1990,UK,298,6096,0.04888451443569554
1990,Western Asia,84,6096,0.013779527559055118
1991,Africa,82,5745,0.014273281114012184
1991,Caribbean,15,5745,0.0026109660574412533
1991,Central America,2,5745,0.00034812880765883376
1991,Eastern Asia,1169,5745,0.20348128807658833
1991,Europe,1357,5745,0.2362053959965187
1991,Middle East,8,5745,0.001392515230635335
1991,North America,1742,5745,0.3032201914708442
1991,Oceania,60,5745,0.010443864229765013
1991,Russia,454,5745,0.07902523933855526
1991,South America,99,5745,0.01723237597911227
1991,Southeast Asia,97,5745,0.016884247171453436
1991,Southern Asia,314,5745,0.0546562228024369
1991,UK,292,5745,0.05082680591818973
1991,Western Asia,54,5745,0.009399477806788513
1992,Africa,86,5840,0.014726027397260274
1992,Caribbean,8,5840,0.0013698630136986301
1992,Central Asia,19,5840,0.0032534246575342467
1992,Eastern Asia,1273,5840,0.21797945205479452
1992,Europe,1523,5840,0.2607876712328767
1992,Middle East,10,5840,0.0017123287671232876
1992,North America,1718,5840,0.2941780821917808
1992,Oceania,76,5840,0.013013698630136987
1992,Russia,234,5840,0.04006849315068493
1992,South America,64,5840,0.010958904109589041
1992,Southeast Asia,77,5840,0.013184931506849315
1992,Southern Asia,390,5840,0.06678082191780822
1992,UK,292,5840,0.05
1992,Western Asia,70,5840,0.011986301369863013
1993,Africa,74,5909,0.012523269588762905
1993,Caribbean,17,5909,0.0028769673379590455
1993,Central America,3,5909,0.000507700118463361
1993,Central Asia,14,5909,0.0023692672194956846
1993,Eastern Asia,1186,5909,0.2007107801658487
1993,Europe,1635,5909,0.2766965645625317
1993,Middle East,9,5909,0.001523100355390083
1993,North America,1893,5909,0.32035877475038077
1993,Oceania,63,5909,0.01066170248773058
1993,Russia,185,5909,0.03130817397190726
1993,South America,80,5909,0.013538669825689626
1993,Southeast Asia,70,5909,0.011846336097478422
1993,Southern Asia,366,5909,0.06193941445253004
1993,UK,265,5909,0.04484684379759689
1993,Western Asia,49,5909,0.008292435268234895
1994,Africa,67,5968,0.011226541554959786
1994,Caribbean,15,5968,0.0025134048257372654
1994,Central America,4,5968,0.0006702412868632708
1994,Central Asia,11,5968,0.0018431635388739946
1994,Eastern Asia,1084,5968,0.1816353887399464
1994,Europe,1517,5968,0.25418900804289546
1994,Middle East,10,5968,0.001675603217158177
1994,North America,2144,5968,0.35924932975871315
1994,Oceania,105,5968,0.01759383378016086
1994,Russia,114,5968,0.019101876675603216
1994,South America,77,5968,0.012902144772117962
1994,Southeast Asia,57,5968,0.009550938337801608
1994,Southern Asia,332,5968,0.05563002680965148
1994,UK,360,5968,0.06032171581769437
1994,Western Asia,71,5968,0.011896782841823056
1995,Africa,58,6058,0.00957411687025421
1995,Caribbean,25,6058,0.004126774513040607
1995,Central Asia,16,6058,0.002641135688345989
1995,Eastern Asia,1142,6058,0.18851105975569496
1995,Europe,1550,6058,0.25586001980851764
1995,Middle East,11,6058,0.0018157807857378673
1995,North America,2188,6058,0.361175305381314
1995,Oceania,63,6058,0.01039947177286233
1995,Russia,98,6058,0.01617695609111918
1995,South America,84,6058,0.013865962363816441
1995,Southeast Asia,52,6058,0.008583690987124463
1995,Southern Asia,347,6058,0.05727963024100363
1995,UK,354,6058,0.058435127104655
1995,Western Asia,70,6058,0.011554968636513702
1996,Africa,70,6180,0.011326860841423949
1996,Caribbean,17,6180,0.002750809061488673
1996,Central Asia,12,6180,0.001941747572815534
1996,Eastern Asia,1082,6180,0.17508090614886732
1996,Europe,1547,6180,0.25032362459546925
1996,Middle East,2,6180,0.00032362459546925567
1996,North America,2385,6180,0.3859223300970874
1996,Oceania,71,6180,0.011488673139158577
1996,Russia,76,6180,0.012297734627831715
1996,South America,123,6180,0.019902912621359223
1996,Southeast Asia,76,6180,0.012297734627831715
1996,Southern Asia,296,6180,0.04789644012944984
1996,UK,364,6180,0.05889967637540453
1996,Western Asia,59,6180,0.009546925566343041
1997,Africa,58,6492,0.008934072704867528
1997,Caribbean,24,6492,0.0036968576709796672
1997,Central America,4,6492,0.0006161429451632779
1997,Central Asia,7,6492,0.0010782501540357362
1997,Eastern Asia,1051,6492,0.16189155884165127
1997,Europe,1782,6492,0.2744916820702403
1997,North America,2414,6492,0.3718422674060382
1997,Oceania,86,6492,0.013247073321010475
1997,Russia,102,6492,0.015711645101663587
1997,South America,124,6492,0.019100431300061615
1997,Southeast Asia,44,6492,0.006777572396796057
1997,Southern Asia,365,6492,0.05622304374614911
1997,UK,365,6492,0.05622304374614911
1997,Western Asia,66,6492,0.010166358595194085
1998,Africa,80,6459,0.012385818238117356
1998,Caribbean,39,6459,0.006038086391082211
1998,Central America,1,6459,0.00015482272797646694
1998,Central Asia,18,6459,0.002786809103576405
1998,Eastern Asia,956,6459,0.1480105279455024
1998,Europe,1895,6459,0.2933890695154049
1998,Middle East,1,6459,0.00015482272797646694
1998,North America,2396,6459,0.3709552562316148
1998,Oceania,74,6459,0.011456881870258555
1998,Russia,83,6459,0.012850286422046756
1998,South America,148,6459,0.02291376374051711
1998,Southeast Asia,41,6459,0.006347731847035145
1998,Southern Asia,297,6459,0.04598235020901068
1998,UK,357,6459,0.055271713887598696
1998,Western Asia,73,6459,0.011302059142282087
1999,Africa,44,6573,0.006694051422485928
1999,Caribbean,18,6573,0.0027384755819260614
1999,Central America,1,6573,0.00015213753232922562
1999,Central Asia,10,6573,0.0015213753232922562
1999,Eastern Asia,939,6573,0.14285714285714285
1999,Europe,1847,6573,0.2809980222120797
1999,Middle East,1,6573,0.00015213753232922562
1999,North America,2547,6573,0.38749429484253767
1999,Oceania,90,6573,0.013692377909630305
1999,Russia,82,6573,0.012475277650996501
1999,South America,137,6573,0.02084284192910391
1999,Southeast Asia,45,6573,0.006846188954815153
1999,Southern Asia,366,6573,0.05568233683249658
1999,UK,379,6573,0.05766012475277651
1999,Western Asia,67,6573,0.010193214666058116
2000,Africa,65,7129,0.009117688315331744
2000,Caribbean,37,7129,0.005190068733342685
2000,Central America,1,7129,0.00014027212792818068
2000,Central Asia,5,7129,0.0007013606396409033
2000,Eastern Asia,1048,7129,0.14700519006873333
2000,Europe,2106,7129,0.2954131014167485
2000,Middle East,4,7129,0.0005610885117127227
2000,North America,2544,7129,0.35685229344929165
2000,Oceania,126,7129,0.017674288118950766
2000,Russia,115,7129,0.01613129471174078
2000,South America,174,7129,0.024407350259503437
2000,Southeast Asia,48,7129,0.0067330621405526725
2000,Southern Asia,363,7129,0.050918782437929584
2000,UK,418,7129,0.05863374947397952
2000,Western Asia,75,7129,0.01052040959461355
2001,Africa,81,7415,0.010923803101820635
2001,Caribbean,36,7415,0.004855023600809171
2001,Central America,3,7415,0.00040458530006743087
2001,Central Asia,7,7415,0.0009440323668240054
2001,Eastern Asia,1092,7415,0.14726904922454484
2001,Europe,2255,7415,0.30411328388401887
2001,Middle East,10,7415,0.0013486176668914363
2001,North America,2573,7415,0.34699932569116654
2001,Oceania,134,7415,0.018071476736345245
2001,Russia,100,7415,0.013486176668914362
2001,South America,189,7415,0.025488873904248147
2001,Southeast Asia,77,7415,0.01038435603506406
2001,Southern Asia,385,7415,0.051921780175320294
2001,UK,381,7415,0.05138233310856372
2001,Western Asia,92,7415,0.012407282535401213
2002,Africa,88,7867,0.011185966696326427
2002,Caribbean,31,7867,0.00394051099529681
2002,Central America,3,7867,0.0003813397737384009
2002,Central Asia,8,7867,0.0010169060633024025
2002,Eastern Asia,1049,7867,0.13334180755052752
2002,Europe,2424,7867,0.30812253718062793
2002,Middle East,5,7867,0.0006355662895640015
2002,North America,2719,7867,0.345620948264904
2002,Oceania,108,7867,0.013728231854582433
2002,Russia,153,7867,0.019448328460658446
2002,South America,215,7867,0.027329350451252066
2002,Southeast Asia,107,7867,0.013601118596669633
2002,Southern Asia,414,7867,0.052624888775899326
2002,UK,461,7867,0.05859921189780094
2002,Western Asia,82,7867,0.010423287148849625
2003,Africa,91,8254,0.011024957596316937
2003,Caribbean,36,8254,0.004361521686455052
2003,Central America,4,8254,0.000484613520717228
2003,Central Asia,8,8254,0.000969227041434456
2003,Eastern Asia,1182,8254,0.14320329537194088
2003,Europe,2553,8254,0.3093045795977708
2003,Middle East,12,8254,0.001453840562151684
2003,North America,2545,8254,0.3083353525563363
2003,Oceania,156,8254,0.01889992730797189
2003,Russia,117,8254,0.01417494548097892
2003,South America,235,8254,0.028471044342137146
2003,Southeast Asia,177,8254,0.02144414829173734
2003,Southern Asia,476,8254,0.057669008965350134
2003,UK,556,8254,0.06736127937969469
2003,Western Asia,106,8254,0.012842258299006542
2004,Africa,150,8700,0.017241379310344827
2004,Caribbean,39,8700,0.004482758620689655
2004,Central America,9,8700,0.0010344827586206897
2004,Central Asia,21,8700,0.002413793103448276
2004,Eastern Asia,1209,8700,0.13896551724137932
2004,Europe,2734,8700,0.3142528735632184
2004,Middle East,4,8700,0.0004597701149425287
2004,North America,2594,8700,0.2981609195402299
2004,Oceania,88,8700,0.010114942528735632
2004,Russia,180,8700,0.020689655172413793
2004,South America,282,8700,0.032413793103448274
2004,Southeast Asia,230,8700,0.026436781609195402
2004,Southern Asia,469,8700,0.053908045977011494
2004,UK,582,8700,0.06689655172413793
2004,Western Asia,109,8700,0.012528735632183909
2005,Africa,138,9522,0.014492753623188406
2005,Caribbean,69,9522,0.007246376811594203
2005,Central America,1,9522,0.00010501995379122033
2005,Central Asia,21,9522,0.002205419029615627
2005,Eastern Asia,1302,9522,0.13673597983616886
2005,Europe,2835,9522,0.29773156899810965
2005,Middle East,14,9522,0.0014702793530770846
2005,North America,3096,9522,0.32514177693761814
2005,Oceania,122,9522,0.012812434362528881
2005,Russia,203,9522,0.021319050619617728
2005,South America,279,9522,0.02930056710775047
2005,Southeast Asia,204,9522,0.02142407057340895
2005,Southern Asia,506,9522,0.05314009661835749
2005,UK,615,9522,0.0645872715816005
2005,Western Asia,117,9522,0.012287334593572778
2006,Africa,136,10311,0.013189797303850257
2006,Caribbean,51,10311,0.004946173988943846
2006,Central America,6,10311,0.0005819028222286878
2006,Central Asia,11,10311,0.0010668218407525944
2006,Eastern Asia,1412,10311,0.1369411308311512
2006,Europe,2986,10311,0.289593637862477
2006,Middle East,11,10311,0.0010668218407525944
2006,North America,3513,10311,0.34070410241489674
2006,Oceania,130,10311,0.012607894481621569
2006,Russia,232,10311,0.02250024245950926
2006,South America,258,10311,0.025021821355833578
2006,Southeast Asia,200,10311,0.01939676074095626
2006,Southern Asia,510,10311,0.049461739889438465
2006,UK,690,10311,0.06691882455629909
2006,Western Asia,165,10311,0.016002327611288916
2007,Africa,181,10748,0.016840342389281726
2007,Caribbean,58,10748,0.005396352809825084
2007,Central America,7,10748,0.0006512839598064756
2007,Central Asia,26,10748,0.0024190547078526236
2007,Eastern Asia,1483,10748,0.1379791589132862
2007,Europe,3132,10748,0.29140305173055453
2007,Middle East,8,10748,0.000744324525493115
2007,North America,3494,10748,0.325083736509118
2007,Oceania,140,10748,0.013025679196129512
2007,Russia,312,10748,0.029028656494231486
2007,South America,335,10748,0.03116858950502419
2007,Southeast Asia,252,10748,0.023446222553033122
2007,Southern Asia,516,10748,0.04800893189430592
2007,UK,632,10748,0.05880163751395608
2007,Western Asia,172,10748,0.016002977298101972
2008,Africa,169,11228,0.01505165657285358
2008,Caribbean,61,11228,0.005432846455290345
2008,Central America,15,11228,0.0013359458496615604
2008,Central Asia,16,11228,0.0014250089063056644
2008,Eastern Asia,1646,11228,0.14659779123619524
2008,Europe,3284,11228,0.2924830780192376
2008,Middle East,9,11228,0.0008015675097969362
2008,North America,3554,11228,0.3165301033131457
2008,Oceania,104,11228,0.009262557890986818
2008,Russia,363,11228,0.03232988956180976
2008,South America,376,11228,0.033487709298183115
2008,Southeast Asia,310,11228,0.027609547559672248
2008,Southern Asia,543,11228,0.04836123975774849
2008,UK,596,11228,0.053081581759886
2008,Western Asia,182,11228,0.016209476309226933
2009,Africa,157,11915,0.013176668065463701
2009,Caribbean,35,11915,0.0029374737725556023
2009,Central America,24,11915,0.0020142677297524127
2009,Central Asia,35,11915,0.0029374737725556023
2009,Eastern Asia,1707,11915,0.14326479227864036
2009,Europe,3504,11915,0.2940830885438523
2009,Middle East,33,11915,0.002769618128409568
2009,North America,3759,11915,0.3154846831724717
2009,Oceania,193,11915,0.01619806966009232
2009,Russia,296,11915,0.024842635333613094
2009,South America,405,11915,0.03399076793957197
2009,Southeast Asia,319,11915,0.026772975241292487
2009,Southern Asia,606,11915,0.05086026017624842
2009,UK,641,11915,0.05379773394880403
2009,Western Asia,201,11915,0.01686949223667646
2010,Africa,170,11218,0.015154216437867712
2010,Caribbean,35,11218,0.0031199857372080585
2010,Central America,15,11218,0.0013371367445177394
2010,Central Asia,17,11218,0.0015154216437867712
2010,Eastern Asia,1812,11218,0.16152611873774292
2010,Europe,3160,11218,0.28169014084507044
2010,Middle East,26,11218,0.002317703690497415
2010,North America,3278,11218,0.2922089499019433
2010,Oceania,167,11218,0.014886789088964165
2010,Russia,306,11218,0.02727758958816188
2010,South America,406,11218,0.036191834551613476
2010,Southeast Asia,365,11218,0.03253699411659832
2010,Southern Asia,685,11218,0.06106257799964343
2010,UK,588,11218,0.052415760385095385
2010,Western Asia,188,11218,0.016758780531289
2011,Africa,147,11803,0.0124544607303228
2011,Caribbean,62,11803,0.005252901804625942
2011,Central America,21,11803,0.0017792086757604
2011,Central Asia,37,11803,0.003134796238244514
2011,Eastern Asia,1883,11803,0.1595357112598492
2011,Europe,3412,11803,0.28907904769973736
2011,Middle East,25,11803,0.0021181055663814286
2011,North America,3473,11803,0.29424722528170805
2011,Oceania,190,11803,0.016097602304498856
2011,Russia,253,11803,0.021435228331780055
2011,South America,469,11803,0.039735660425315594
2011,Southeast Asia,393,11803,0.033296619503516055
2011,Southern Asia,629,11803,0.05329153605015674
2011,UK,605,11803,0.05125815470643057
2011,Western Asia,204,11803,0.017283741421672456
2012,Africa,190,12658,0.015010270184863327
2012,Antarctica,1,12658,7.900142202559646e-05
2012,Caribbean,51,12658,0.00402907252330542
2012,Central America,13,12658,0.001027018486332754
2012,Central Asia,28,12658,0.002212039816716701
2012,Eastern Asia,2038,12658,0.1610048980881656
2012,Europe,3679,12658,0.2906462316321694
2012,Middle East,49,12658,0.0038710696792542266
2012,North America,3592,12658,0.2837731079159425
2012,Oceania,165,12658,0.013035234634223417
2012,Russia,299,12658,0.02362142518565334
2012,South America,563,12658,0.04447780060041081
2012,Southeast Asia,443,12658,0.03499762995733923
2012,Southern Asia,696,12658,0.05498498972981514
2012,UK,654,12658,0.05166693000474008
2012,Western Asia,197,12658,0.015563280139042502
2013,Africa,184,13791,0.013342034660285693
2013,Caribbean,63,13791,0.004568196649989123
2013,Central America,22,13791,0.0015952432745993763
2013,Central Asia,33,13791,0.0023928649118990647
2013,Eastern Asia,2240,13791,0.16242476977739106
2013,Europe,3764,13791,0.27293162207236604
2013,Middle East,58,13791,0.004205641360307447
2013,North America,3990,13791,0.2893191211659778
2013,Oceania,157,13791,0.01138423609600464
2013,Russia,282,13791,0.020448118338046554
2013,South America,609,13791,0.04415923428322819
2013,Southeast Asia,382,13791,0.02769922413168008
2013,Southern Asia,998,13791,0.07236603582046262
2013,UK,762,13791,0.05525342614748749
2013,Western Asia,247,13791,0.01791023131027482
2014,Africa,248,15024,0.01650692225772098
2014,Caribbean,75,15024,0.0049920127795527154
2014,Central America,29,15024,0.00193024494142705
2014,Central Asia,37,15024,0.0024627263045793398
2014,Eastern Asia,2361,15024,0.15714856230031948
2014,Europe,4097,15024,0.27269701810436636
2014,Middle East,57,15024,0.0037939297124600637
2014,North America,4350,15024,0.2895367412140575
2014,Oceania,196,15024,0.013045793397231097
2014,Russia,308,15024,0.020500532481363153
2014,South America,704,15024,0.046858359957401494
2014,Southeast Asia,471,15024,0.03134984025559105
2014,Southern Asia,1034,15024,0.06882321618743344
2014,UK,755,15024,0.050252928647497336
2014,Western Asia,302,15024,0.020101171458998934
2015,Africa,266,15620,0.01702944942381562
2015,Antarctica,4,15620,0.00025608194622279127
2015,Caribbean,69,15620,0.00441741357234315
2015,Central America,24,15620,0.0015364916773367477
2015,Central Asia,28,15620,0.001792573623559539
2015,Eastern Asia,2526,15620,0.1617157490396927
2015,Europe,4005,15620,0.25640204865556976
2015,Middle East,54,15620,0.0034571062740076826
2015,North America,4552,15620,0.29142125480153647
2015,Oceania,243,15620,0.015556978233034572
2015,Russia,308,15620,0.01971830985915493
2015,South America,761,15620,0.048719590268886045
2015,Southeast Asia,538,15620,0.034443021766965426
2015,Southern Asia,1088,15620,0.06965428937259924
2015,UK,842,15620,0.053905249679897564
2015,Western Asia,312,15620,0.01997439180537772
2016,Africa,239,16842,0.014190713691960575
2016,Caribbean,85,16842,0.0050469065431658945
2016,Central America,19,16842,0.0011281320508253177
2016,Central Asia,40,16842,0.002375014843842774
2016,Eastern Asia,2872,16842,0.17052606578791119
2016,Europe,4146,16842,0.24617028856430354
2016,Middle East,77,16842,0.00457190357439734
2016,North America,4943,16842,0.2934924593278708
2016,Oceania,152,16842,0.009025056406602542
2016,Russia,328,16842,0.019475121719510748
2016,South America,767,16842,0.04554090963068519
2016,Southeast Asia,510,16842,0.030281439258995367
2016,Southern Asia,1398,16842,0.08300676879230495
2016,UK,840,16842,0.04987531172069826
2016,Western Asia,426,16842,0.025293908086925544
2017,Africa,306,18326,0.016697588126159554
2017,Caribbean,80,18326,0.004365382516643021
2017,Central America,39,18326,0.0021281239768634725
2017,Central Asia,38,18326,0.002073556695405435
2017,Eastern Asia,3413,18326,0.1862381316162829
2017,Europe,4449,18326,0.24276983520681
2017,Middle East,79,18326,0.004310815235184983
2017,North America,5055,18326,0.27583760777038085
2017,Oceania,214,18326,0.01167739823202008
2017,Russia,293,18326,0.015988213467205064
2017,South America,882,18326,0.0481283422459893
2017,Southeast Asia,521,18326,0.028429553639637672
2017,Southern Asia,1572,18326,0.08577976645203536
2017,UK,908,18326,0.049547091563898284
2017,Western Asia,477,18326,0.02602859325548401
2018,Africa,232,18143,0.012787300887394588
2018,Caribbean,60,18143,0.0033070605743261866
2018,Central America,18,18143,0.0009921181722978558
2018,Central Asia,106,18143,0.005842473681309596
2018,Eastern Asia,3148,18143,0.17351044479964725
2018,Europe,4488,18143,0.24736813095959875
2018,Middle East,79,18143,0.004354296422862812
2018,North America,5034,18143,0.277462382185967
2018,Oceania,239,18143,0.013173124621065976
2018,Russia,325,18143,0.017913244777600177
2018,South America,863,18143,0.04756655459405831
2018,Southeast Asia,552,18143,0.030424957283800916
2018,Southern Asia,1604,18143,0.08840875268698671
2018,UK,951,18143,0.05241691010307006
2018,Western Asia,444,18143,0.02447224825001378
2019,Africa,294,18822,0.015620019126554032
2019,Caribbean,72,18822,0.003825310806503028
2019,Central America,39,18822,0.002072043353522474
2019,Central Asia,104,18822,0.005525448942726597
2019,Eastern Asia,3730,18822,0.19817235150355966
2019,Europe,4584,18822,0.24354478801402615
2019,Middle East,76,18822,0.004037828073530974
2019,North America,4820,18822,0.25608330676867497
2019,Oceania,219,18822,0.011635320369780044
2019,Russia,391,18822,0.020773562851981724
2019,South America,957,18822,0.05084475613643608
2019,Southeast Asia,640,18822,0.034002762724471364
2019,Southern Asia,1631,18822,0.08665391563064499
2019,UK,885,18822,0.04701944532993306
2019,Western Asia,380,18822,0.020189140367654873
2020,Africa,249,15148,0.01643781357274888
2020,Caribbean,36,15148,0.0023765513599155004
2020,Central America,24,15148,0.0015843675732770002
2020,Central Asia,62,15148,0.004092949564298918
2020,Eastern Asia,3055,15148,0.20167678901505148
2020,Europe,3483,15148,0.22993134407182467
2020,Middle East,107,15148,0.0070636387641932925
2020,North America,4482,15148,0.2958806443094798
2020,Oceania,223,15148,0.014721415368365461
2020,Russia,368,15148,0.02429363612358067
2020,South America,760,15148,0.05017163982043834
2020,Southeast Asia,431,15148,0.028452601003432797
2020,Southern Asia,859,15148,0.05670715606020597
2020,UK,751,15148,0.04957750198045947
2020,Western Asia,258,15148,0.01703195141272775
2021,Africa,303,18030,0.01680532445923461
2021,Caribbean,67,18030,0.003716028840820854
2021,Central America,47,18030,0.0026067665002773156
2021,Central Asia,52,18030,0.0028840820854132004
2021,Eastern Asia,3124,18030,0.1732667775929007
2021,Europe,4201,18030,0.23300055463117028
2021,Middle East,96,18030,0.005324459234608985
2021,North America,5569,18030,0.3088740987243483
2021,Oceania,212,18030,0.011758180809761508
2021,Russia,390,18030,0.021630615640599003
2021,South America,1044,18030,0.057903494176372715
2021,Southeast Asia,488,18030,0.02706600110926234
2021,Southern Asia,1284,18030,0.07121464226289517
2021,UK,838,18030,0.04647809206877426
2021,Western Asia,315,18030,0.01747088186356073
2022,Africa,315,20014,0.01573898271210153
2022,Caribbean,67,20014,0.003347656640351754
2022,Central America,27,20014,0.001349055661037274
2022,Central Asia,92,20014,0.004596782252423303
2022,Eastern Asia,2837,20014,0.14175077445787948
2022,Europe,5063,20014,0.2529729189567303
2022,Middle East,100,20014,0.0049965024482862
2022,North America,5689,20014,0.2842510242830019
2022,Oceania,278,20014,0.013890276806235636
2022,Russia,424,20014,0.021185170380733486
2022,South America,1095,20014,0.05471170180873389
2022,Southeast Asia,731,20014,0.03652443289697212
2022,Southern Asia,1925,20014,0.09618267212950934
2022,UK,966,20014,0.048266213650444686
2022,Western Asia,405,20014,0.02023583491555911
2023,Africa,398,18181,0.021890985094329244
2023,Caribbean,65,18181,0.003575160882239701
2023,Central America,30,18181,0.0016500742533414004
2023,Central Asia,68,18181,0.003740168307573841
2023,Eastern Asia,2385,18181,0.13118090314064132
2023,Europe,4971,18181,0.27341730377867
2023,Middle East,112,18181,0.006160277212474561
2023,North America,4779,18181,0.2628568285572851
2023,Oceania,223,18181,0.012265551949837743
2023,Russia,325,18181,0.017875804411198504
2023,South America,1217,18181,0.06693801221054947
2023,Southeast Asia,822,18181,0.04521203454155437
2023,Southern Asia,1604,18181,0.08822397007865354
2023,UK,848,18181,0.04664209889445025
2023,Western Asia,334,18181,0.018370826687200924
